Drug,Phase
Human Umbilical Cord Mesenchymal Stem Cells,1
Budesonide,4
Human Umbilical Cord Mesenchymal Stem Cells,1
Niclosamide,2
Nitric Oxide,2
Artesunate,2
Artemisinin,2
Isotretinoin,3
RAPA-501-Allo,"1, 2"
KBP-COVID-19,"1, 2"
Dexamethasone,"1, 2"
PH94B,2
Ulinastatin,"1, 2"
Bicalutamide,2
Ruxolitinib,"2, 3"
Baricitinib,"2, 3"
Ritonavir,2
Lopinavir,2
Tranexamic acid,2
Lanadelumab,1
Virus Specific T-Cell,1
Linagliptin,4
Lenalidomide,4
Tocilizumab,"1, 2"
Alteplase,3
Atazanavir,"2, 3"
Dexamethasone,"2, 3"
Sofosbuvir,"2, 3"
Atazanavir,"2, 3"
Daclatasvir,"2, 3"
Piclidenoson,2
Lanadelumab,"1, 2"
Dipyridamole,3
Acetylsalicylic acid,3
Tretinoin,2
Montelukast,3
Heparin,4
Fondaparinux,4
Argatroban,4
Enoxaparin,4
Hydroxychloroquine,"2, 3"
Zinc,3
Nitazoxanide,3
Ribavirin,3
Ivermectin,3
Hydroxychloroquine,4
AZD1222,1
Remestemcel-L,2
Linagliptin,3
Ascorbic acid,2
BacTRL-spike,1
Acetylsalicylic acid,3
Simvastatin,3
Losartan,3
Sirolimus,"1, 2"
COVID-19 convalescent plasma,2
Epigallocatechin,"2, 3"
Tranexamic acid,2
COVID-19 convalescent plasma,2
Duvelisib,2
Angiotensin 1-7,"2, 3"
NasoVAX,2
CK0802,1
Acetylcysteine,4
Maraviroc,1
Ritonavir,2
Atazanavir,2
Nitazoxanide,2
Human immunoglobulin G,2
Tofacitinib,2
Ozanimod,2
Citrulline,Not Available
COVID-19 convalescent plasma,Not Available
MVC-COV1901,1
Remdesivir,1
Decitabine,2
Resveratrol,2
Lopinavir,"2, 3"
Ritonavir,"2, 3"
Telmisartan,"2, 3"
Atorvastatin,"2, 3"
Thymalfasin,2
Tocilizumab,2
Ascorbic acid,2
Bardoxolone methyl,"2, 3"
Interferon alfa-2b,"1, 2"
St. John's Wort,Not Available
Azadirachta indica leaf,Not Available
Chloroquine,3
Tocilizumab,3
Deferoxamine,3
Almitrine,3
Mavrilimumab,2
Azithromycin,2
Hydroxychloroquine,2
Nitric Oxide,1
XAV-19,2
Favipiravir,2
Remestemcel-L,"1, 2"
Nitric Oxide,2
Tocilizumab,3
Anakinra,3
Ruxolitinib,3
Losartan,1
Thymalfasin,2
Ibudilast,2
Hydroxychloroquine,"2, 3"
Sodium chloride,1
COVID-19 convalescent plasma,"2, 3"
Isotretinoin,3
Chloroquine,Not Available
Hydroxychloroquine,Not Available
Microcrystalline cellulose,"2, 3"
Virus Specific T-Cell,2
Niclosamide,2
Oxytocin,2
Human Umbilical Cord Mesenchymal Stem Cells,"1, 2"
Peginterferon lambda-1a,2
Hydroxychloroquine,"2, 3"
Recombinant Bacterial ACE2 Receptors-like Enzyme,1
Povidone-iodine,2
Ruxolitinib,Not Available
Dexamethasone,2
Imatinib,2
Ribavirin,1
Remestemcel-L,1
Natural Killer Cell,1
Acetylcysteine,"3, 4"
Stem-cell derived exosome vesicle products,2
Colchicine,"2, 3"
Prednisone,"2, 3"
Disulfiram,2
Cholecalciferol,3
Ivermectin,2
Doxycycline,2
Genistein,2
Hydroxychloroquine,Not Available
Ramelteon,2
Interferon beta-1b,2
Vitamin D,Not Available
Hydroxychloroquine,"2, 3"
Fish oil,Not Available
Secukinumab,2
COVID-19 convalescent plasma,"2, 3"
Placental Mesenchymal Stem Cells,Not Available
Vadadustat,2
ABC-294640,"2, 3"
Glycine,Not Available
Cyclosporine,2
Chloroquine,3
Lopinavir,3
Oseltamivir,3
Darunavir,3
Ritonavir,3
Favipiravir,3
Sargramostim,2
Hydroxychloroquine,"2, 3"
Lopinavir,"2, 3"
Azithromycin,"2, 3"
Ritonavir,"2, 3"
Ascorbic acid,Not Available
Cholecalciferol,Not Available
Zinc citrate,Not Available
Mecobalamin,Not Available
Azithromycin,Not Available
Hydroxychloroquine,Not Available
Mumps virus strain B level jeryl lynn live antigen,3
Rubella virus vaccine,3
Measles virus vaccine live attenuated,3
Silibinin,3
Sirolimus,2
Lopinavir,"3, 4"
Ritonavir,"3, 4"
Povidone-iodine,"1, 2"
Adipose-Derived Mesenchymal Stem Cells: Autologous or Allogeneic Origins,1
Epoprostenol,2
Ascorbic acid,3
Pentoxifylline,"1, 2"
Hydroxychloroquine,3
Azithromycin,3
Nitazoxanide,3
COVID-19 convalescent plasma,2
Cholecalciferol,4
Vitamin D,4
Hydroxychloroquine,2
Favipiravir,2
COVID-19 convalescent plasma,3
Cepeginterferon alfa-2B,2
Melatonin,2
BCG vaccine,4
COVID-19 convalescent plasma,"2, 3"
Mometasone furoate,3
Conestat alfa,2
Clopidogrel,4
Enoxaparin,4
Heparin,4
Ifenprodil,"2, 3"
Omega-3 fatty acids,Not Available
Cholecalciferol,Not Available
Remdesivir,3
Interferon beta-1a,3
Losartan,4
Remestemcel-L,1
Platelet Lysate,Not Available
Fisetin,2
Favipiravir,2
Acetylcysteine,3
Adipose-Derived Mesenchymal Stem Cells: Autologous or Allogeneic Origins,2
Abivertinib,2
Camostat,"1, 2"
COVID-19 convalescent plasma,1
Nelfinavir,2
Favipiravir,2
Daclatasvir,"2, 3"
Ribavirin,"2, 3"
Sofosbuvir,"2, 3"
Cholecalciferol,2
Vitamin K7,2
Menadione,2
Magnesium,2
Menaquinone 6,2
Magnesium glycinate,2
Vitamin D,2
Rivaroxaban,3
Placental Mesenchymal Stem Cells,2
Protoporphyrin,1
Angiotensin 1-7,2
Ad5-nCoV,"1, 2"
Remestemcel-L,1
Chlorpromazine,"2, 3"
Heparin,1
Sildenafil,"1, 2"
Duvelisib,2
Ebselen,2
Ebselen,2
COVID-19 convalescent plasma,2
COVID-19 convalescent plasma,2
Favipiravir,2
Maraviroc,2
Rosuvastatin,3
Colchicine,3
COVID-19 convalescent plasma,2
Abatacept,"1, 2"
Ivermectin,2
Tenofovir alafenamide,3
Emtricitabine,3
Ivermectin,2
AZD-1656,2
Icatibant,2
Remdesivir,2
Apremilast,2
Cenicriviroc,2
Cholecalciferol,4
Human Umbilical Cord Mesenchymal Stem Cells,2
Lithium carbonate,Not Available
Tocilizumab,3
Recombinant Human Plasma Gelsolin,2
Enoxaparin,3
Atorvastatin,3
Heparin,3
Aviptadil,Not Available
RUTI® Vaccine,3
Tofacitinib,2
Sitagliptin,3
Anakinra,3
Ribavirin,2
Interferon beta-1b,2
Camostat,2
Chloroquine,1
Camostat,"2, 3"
mRNA-1273,3
Aspartyl-alanyl-diketopiperazine,1
Mavrilimumab,"2, 3"
Human Umbilical Cord Mesenchymal Stem Cells,1
Hydroxychloroquine,Not Available
Ivermectin,Not Available
Interferon beta-1a,Not Available
DAS-181,Not Available
DAS-181,"2, 3"
Clazakizumab,2
Nitric Oxide,"1, 2"
Favipiravir,"2, 3"
Human Umbilical Cord Mesenchymal Stem Cells,"1, 2"
Losartan,2
Ivermectin,2
Ibrutinib,2
Nitrous acid,2
Human Umbilical Cord Mesenchymal Stem Cells,3
Atovaquone,2
BCG vaccine,3
CAP-1002,Not Available
Leflunomide,2
Lopinavir,3
COVID-19 convalescent plasma,3
Hydroxychloroquine,3
Ritonavir,3
Remdesivir,"2, 3"
CoronaVac,3
Aprepitant,2
Hydroxychloroquine,Not Available
Heparin,3
Methylprednisolone,3
Ritonavir,2
Lopinavir,2
Lopinavir,3
Ritonavir,3
Hydroxychloroquine,3
Abatacept,2
COVID-19 Nucleocapsid-GM-CSF Protein Lactated Ringer's Injection,1
BNT162b1 SARS-CoV-2 Vaccine,1
Ruxolitinib,"2, 3"
Favipiravir,2
Lopinavir,2
Ritonavir,2
Inactivated SARS-Cov-2 Vaccine,3
COVID-19 convalescent plasma,2
Probiorinse,Not Available
Budesonide,2
Tocilizumab,2
Dexamethasone,2
INO-4800,"1, 2"
Apilimod,2
Oral Polio Vaccine,4
Ad26.COV2.S,"1, 2"
Cinnamon,Not Available
Cow milk,Not Available
Ginger,Not Available
Turmeric,Not Available
Nitric Oxide,2
Hydroxychloroquine,Not Available
Enzalutamide,2
Iodine,"1, 2"
Ivermectin,"1, 2"
Zinc,"1, 2"
Clofazimine,2
Interferon beta-1b,2
Remdesivir,2
COVID-19 convalescent plasma,2
Ivermectin,"2, 3"
BBV152,"1, 2"
Enzalutamide,2
Turmeric,"3, 4"
ZYCOV-D,"1, 2"
Ozone,"1, 2"
Alkaline Phosphatase,Not Available
Rubella virus vaccine,3
Measles virus vaccine live attenuated,3
Mumps virus strain B level jeryl lynn live antigen,3
SARS-CoV-2 Sclamp,1
Clazakizumab,2
Sofosbuvir,3
Daclatasvir,3
Nitric Oxide,3
Favipiravir,2
CHO Cells Recombinant Vaccine,2
Zinc,Not Available
Nafamostat,2
Dactolisib,3
Inactivated SARS-CoV-2 Vaccine (Chinese Academy of Medical Sciences),"1, 2"
Coronavirus-Like Particle COVID-19 Vaccine,1
Ivermectin,3
Cepeginterferon alfa-2B,2
Crizanlizumab,2
Heparin,3
Ruxolitinib,2
Fostamatinib,2
Cysteine,3
PTC299,"2, 3"
Icatibant,2
Acetylsalicylic acid,3
Heparin,3
Enoxaparin,3
BCG vaccine,3
Povidone-iodine,1
Montelukast,4
Cannabidiol,"2, 3"
COVID-19 convalescent plasma,"1, 2"
Tofacitinib,2
Degarelix,2
Zanubrutinib,2
Oxygen,2
Acalabrutinib,2
Curcumin,Not Available
Enoxaparin,3
TD-139,"2, 3"
Nafamostat,"2, 3"
Dapagliflozin,"2, 3"
Ambrisentan,"2, 3"
ABX-464,2
ABC-294640,2
Zinc chloride,"1, 2"
Dutasteride,Not Available
Diosmin,1
Hesperidin,1
Povidone-iodine,1
Human interferon beta,2
Prasugrel,3
Sofosbuvir,"2, 3"
Hydroxychloroquine,"2, 3"
Daclatasvir,"2, 3"
Nitazoxanide,"2, 3"
Ivermectin,4
Ozone,3
Ivermectin,2
Icosapent ethyl,3
Human Umbilical Cord Mesenchymal Stem Cells,2
Covax-19™,1
COVID-19 convalescent plasma,"2, 3"
Lopinavir,2
Azithromycin,2
Hydroxychloroquine,2
Ritonavir,2
COVID-19 convalescent plasma,1
Virus Specific T-Cell,"1, 2"
Oseltamivir,1
Human Umbilical Cord Mesenchymal Stem Cells,1
Azithromycin,1
Ulinastatin,3
Nitazoxanide,2
Garadacimab,2
Hydroxychloroquine,2
Ritonavir,2
COVID-19 convalescent plasma,1
Virus Specific T-Cell,"1, 2"
Oseltamivir,1
Human Umbilical Cord Mesenchymal Stem Cells,1
Azithromycin,1
Ulinastatin,3
Nitazoxanide,2
Garadacimab,2
Azithromycin,3
Hydroxychloroquine,3
IC14,2
Recombinant Bacterial ACE2 Receptors-like Enzyme,1
Isotretinoin,1
Tocilizumab,2
Pembrolizumab,2
Sodium bicarbonate,Not Available
AMY-101,2
AV-COVID-19,"1, 2"
Beractant,"1, 2"
Telmisartan,2
Aviptadil,"2, 3"
Ruxolitinib,2
DAS-181,2
Alpha-1-proteinase inhibitor,2
Enoxaparin,3
Vitamin D,Not Available
COVID-19 convalescent plasma,3
Rubella virus vaccine,3
Mumps virus strain B level jeryl lynn live antigen,3
Measles virus vaccine live attenuated,3
Favipiravir,2
Methylprednisolone,2
Camostat,1
Bacillus calmette-guerin substrain connaught live antigen,3
Pyronaridine,2
Artesunate,2
Hydroxychloroquine,Not Available
Diphenhydramine,Not Available
Remestemcel-L,Not Available
Hydrocortisone,Not Available
Enzalutamide,2
Tramadol,"1, 2"
Olokizumab,"2, 3"
Prednisolone acetate,Not Available
Cyclosporine,Not Available
VPM1002,3
Interleukin-7,2
Arginine,Not Available
Gold,3
Arsenic trioxide,3
Silver,3
Celery,3
Zinc,3
Povidone-iodine,Not Available
COVID-19 convalescent plasma,Not Available
Adipose-Derived Mesenchymal Stem Cells: Autologous or Allogeneic Origins,2
Ruxolitinib,2
Stem-cell derived exosome vesicle products,"2, 3"
Interferon beta-1a,3
Covax-19™,1
Interferon beta-1a,3
Remdesivir,3
Lopinavir,3
Ritonavir,3
AG0301-COVID19,"1, 2"
Amniotic Epithelial Cells,"1, 2"
Human immunoglobulin G,2
Acalabrutinib,2
Umifenovir,3
Favipiravir,3
Fenretinide,2
Heparin,Not Available
Sodium citrate,Not Available
Heparin,Not Available
Bivalirudin,4
Indian frankincense,2
Clove,2
Azadirachta indica leaf,2
Spearmint,2
Orange,2
Cinnamon,2
COVID-19 convalescent plasma,1
Maraviroc,2
BCG vaccine,3
Nitazoxanide,"2, 3"
Tocilizumab,2
SARS-CoV-2 mRNA vaccine,1
Ciclesonide,"2, 3"
COVID-19 convalescent plasma,2
Ivermectin,"2, 3"
BCG vaccine,Not Available
COVID-19 convalescent plasma,2
IMM-101,3
Brequinar,"1, 2"
Plasma protein fraction (human),2
Tocilizumab,3
Methylprednisolone,3
VPM1002,3
AZD1222,"1, 2"
COVID-19 convalescent plasma,3
AZD1222,1
Nafamostat,2
TD-139,2
Chloroquine,3
Zinc,3
Prednisone,3
Sodium chloride,Not Available
CHO Cells Recombinant Vaccine,1
Doxycycline,2
COVID-19 convalescent plasma,Not Available
Ritonavir,3
Remdesivir,3
Hydroxychloroquine,3
Interferon beta-1a,3
Lopinavir,3
Interleukin-7,2
Pentaglobin,"2, 3"
Gold,Not Available
Cyclosporine,1
Povidone-iodine,2
Water,2
Ivermectin,3
Zinc,2
Hydroxychloroquine,2
Vitamin D,2
Ascorbic acid,2
Azithromycin,2
Ascorbic acid,2
Zinc,2
Vitamin D,2
Hydroxychloroquine,2
Peginterferon lambda-1a,2
Baricitinib,3
Remdesivir,3
Anakinra,3
Transcrocetinate,2
Rivaroxaban,4
Tocilizumab,3
Edaravone,3
Vitamin D,3
Hydroxychloroquine,3
COVID-19 convalescent plasma,2
Albumin human,2
Pamrevlumab,2
Quercetin,4
Zinc,4
Bromelains,4
Ascorbic acid,4
Ritonavir,3
Lopinavir,3
Hydroxychloroquine,3
Atazanavir,3
COVID-19 convalescent plasma,2
Sofosbuvir,"2, 3"
Daclatasvir,"2, 3"
COVID-19 convalescent plasma,3
Interferon beta-1b,3
Raltegravir,3
SCB-2019,1
ISS-1018,1
Losartan,4
Valsartan,4
Angiotensin II,4
Candesartan,4
Eprosartan,4
Telmisartan,4
Olmesartan,4
Irbesartan,4
Camostat,2
CVnCoV,1
Camostat,2
COVID-19 convalescent plasma,3
Dornase alfa,2
Human Umbilical Cord Mesenchymal Stem Cells,"1, 2"
VPM1002,3
Melatonin,2
Camostat,2
Niclosamide,2
Gam-COVID-Vac,"1, 2"
Gam-COVID-Vac,"1, 2"
Favipiravir,3
Sofosbuvir,3
Eculizumab,Not Available
Heparin,3
Alteplase,3
GX-19 Vaccine,"1, 2"
Bamlanivimab,2
Nitrous acid,2
Merimepodib,2
Remdesivir,2
Tocilizumab,3
Remdesivir,3
Ivermectin,2
Doxycycline,2
EIDD-2801,2
Tocilizumab,Not Available
LNP-nCoVsaRNA Vaccine,1
Favipiravir,"2, 3"
Oseltamivir,"2, 3"
Ivermectin,"2, 3"
Chloroquine,"2, 3"
Niclosamide,"2, 3"
Nitazoxanide,"2, 3"
Nitazoxanide,"2, 3"
Ivermectin,"2, 3"
Anti-SARS-CoV-2 REGN-COV2,"1, 2"
Pioglitazone,4
Remestemcel-L,2
COVID-19 convalescent plasma,2
Vitamin D,Not Available
Sodium chloride,2
Nitazoxanide,2
Hydroxychloroquine,2
Melatonin,4
Iloprost,2
Sevoflurane,3
Isoflurane,3
Nivolumab,2
Sulodexide,Not Available
Angiotensin II,Not Available
Enoxaparin,3
Hydroxychloroquine,Not Available
AZD1222,3
Heparin,Not Available
Hydroxychloroquine,3
Metoprolol,2
COVID-19 convalescent plasma,3
Human Umbilical Cord Mesenchymal Stem Cells,"2, 3"
Atazanavir,3
Ritonavir,3
Resveratrol,3
Valsartan,Not Available
Oral Polio Vaccine,3
Nitric Oxide,Not Available
Acalabrutinib,2
Remestemcel-L,"1, 2"
Hydroxychloroquine,Not Available
Baricitinib,3
Acalabrutinib,2
Anakinra,2
Tocilizumab,2
Vidofludimus,"2, 3"
Favipiravir,3
Nafamostat,3
Favipiravir,Not Available
Tocilizumab,3
Cholecalciferol,3
Acalabrutinib,2
Nafamostat,"2, 3"
COVID-19 convalescent plasma,2
Ivermectin,0
Anti-SARS-CoV-2 REGN-COV2,"1, 2"
Silibinin,2
Human immunoglobulin G,4
Ivermectin,Not Available
COVID-19 convalescent plasma,2
Interleukin-7,2
Ciclesonide,3
Pembrolizumab,2
Ibrutinib,2
Acetylcysteine,3
Cholecalciferol,3
Curcumin,3
Hydroxychloroquine,Not Available
Lopinavir,Not Available
Heparin,Not Available
Azithromycin,Not Available
Ritonavir,Not Available
Tocilizumab,Not Available
Sulodexide,"2, 3"
Valsartan,2
Omega-3 fatty acids,Not Available
Acetylcysteine,2
BCG vaccine,3
Bemiparin,2
Icosapent ethyl,2
Ethanol,1
Dexamethasone,2
Methylprednisolone,2
Hydrocortisone,2
Gold,Not Available
COVID-19 convalescent plasma,Not Available
Hydroxychloroquine,3
Remdesivir,3
Ritonavir,3
Hydroxychloroquine,3
Lopinavir,3
COVID-19 convalescent plasma,2
Methylprednisolone,4
Budesonide,2
Imatinib,3
Azithromycin,3
Hydroxychloroquine,3
Sargramostim,2
Enoxaparin,2
Ivermectin,3
Vitamin D,Not Available
COVID-19 convalescent plasma,2
COVID-19 convalescent plasma,"1, 2"
Human Umbilical Cord Mesenchymal Stem Cells,2
Nitazoxanide,2
Ivermectin,Not Available
Human immunoglobulin G,2
Infliximab,2
Favipiravir,3
Cisatracurium,Not Available
Atracurium,Not Available
Dornase alfa,3
COVID-19 convalescent plasma,Not Available
Hydroxychloroquine,Not Available
Imatinib,3
COVID-19 convalescent plasma,Not Available
COVID-19 convalescent plasma,2
Ruxolitinib,2
Tocilizumab,3
COVID-19 convalescent plasma,1
Talactoferrin alfa,2
Prednisone,Not Available
Indomethacin,Not Available
Dornase alfa,1
Lopinavir,3
Ritonavir,3
Angiotensin II,Not Available
Nicotinamide riboside,2
EIDD-2801,2
Heparin,4
Tamoxifen,2
Isotretinoin,2
Vitamin D,3
Hydroxychloroquine,Not Available
Ruxolitinib,2
Anakinra,2
Prednisone,3
Hydrocortisone,3
Aldesleukin,2
Remestemcel-L,2
Chloroquine,3
Stem-cell derived exosome vesicle products,2
Enoxaparin,3
Ivermectin,2
Lithium carbonate,Not Available
Budesonide,3
Formoterol,3
Ivermectin,"2, 3"
Doxycycline,"2, 3"
Human immunoglobulin G,3
Povidone-iodine,Not Available
Mesenchymoangioblast-derived mesenchymal stem cells,"1, 2"
Heparin,Not Available
COVID-19 convalescent plasma,3
Ritonavir,2
Lopinavir,2
Tranexamic acid,2
Tofacitinib,2
Hydroxychloroquine,2
Deferoxamine,4
Doxycycline,3
Lucinactant,"1, 2"
Resiniferatoxin,3
Favipiravir,"2, 3"
COVID19 s-vax loaded autologous dendritic cell vaccine,0
Tocilizumab,2
MRx-4DP0004,2
COVID-19 convalescent plasma,Not Available
Umbilical Cord Blood Hematopoietic Stem Cells,Not Available
Hydroxychloroquine,4
Camostat,4
COVID-19 convalescent plasma,Not Available
Resveratrol,3
COVID-19 convalescent plasma,2
Losartan,3
COVID-19 convalescent plasma,2
COVID-19 convalescent plasma,2
COVID-19 convalescent plasma,2
Azithromycin,2
Naproxen,2
Clavulanic acid,2
Amoxicillin,2
Levofloxacin,2
Oseltamivir,2
Hydroxychloroquine,3
Azithromycin,3
Zinc,3
Ivermectin,"2, 3"
Ivermectin,"2, 3"
Dipyridamole,2
COVID-19 convalescent plasma,Not Available
Mycobacterium w. Vaccine,2
Mycobacterium w. Vaccine,3
Mycobacterium w. Vaccine,3
Metronidazole,2
Ivermectin,"2, 3"
Honey,Not Available
Propolis wax,Not Available
Enoxaparin,2
Omega-3 fatty acids,2
Azithromycin,3
Liothyronine,2
Peginterferon lambda-1a,2
VPM1002,3
MRx-4DP0004,2
mRNA-1273,2
Ritonavir,4
Hydroxychloroquine,4
Azithromycin,4
Lopinavir,4
Poractant alfa,2
Ciclesonide,2
Vidofludimus,2
Ciclesonide,2
Anakinra,2
Vidofludimus,2
Bamlanivimab,1
COVID-19 convalescent plasma,1
Otilimab,2
Tocilizumab,2
AZD1222,"2, 3"
Cholecalciferol,3
Ruxolitinib,2
Bacillus calmette-guerin substrain danish 1331 live antigen,4
Alendronic acid,4
Vidofludimus,2
COVID-19 convalescent plasma,"2, 3"
Ivermectin,3
Tocilizumab,3
Eculizumab,"1, 2"
BCG vaccine,4
Zilucoplan,2
Ibuprofen,4
BCG vaccine,4
Turmeric,4
Dornase alfa,2
VPM1002,3
Colchicine,3
Ozone,3
Nitazoxanide,Not Available
NVX-CoV2373,"1, 2"
Colchicine,3
Vitamin D,4
Sarilumab,2
Rubella virus vaccine,Not Available
BCG vaccine,Not Available
Alendronic acid,Not Available
Measles virus vaccine live attenuated,Not Available
Mumps virus strain B level jeryl lynn live antigen,Not Available
Tocilizumab,3
Nafamostat,2
Gold,0
Hydroxychloroquine,Not Available
Ascorbic acid,"1, 2"
COVID-19 convalescent plasma,3
Oxygen,2
Ruxolitinib,3
Ivermectin,2
Iloprost,2
COVID19 s-vax loaded autologous dendritic cell vaccine,0
Interferon alfa,"2, 3"
Human interferon beta,"2, 3"
Tocilizumab,2
Enoxaparin,2
Pacritinib,3
Mavrilimumab,2
Azithromycin,3
Hydroxychloroquine,3
CoronaVac,"1, 2"
Zilucoplan,2
Ginger,3
Selenium,3
Licorice,3
Cinnamon,"2, 3"
Ginger oil,"2, 3"
Vitamin A,3
Filgrastim,"1, 2"
Nitazoxanide,4
Dexamethasone,3
Hydroxychloroquine,Not Available
Favipiravir,Not Available
Tocilizumab,3
CoviGlobulin,3
Propolis wax,3
Ivermectin,3
COVID-19 convalescent plasma,1
Anakinra,2
Heparin,"2, 3"
COVID-19 convalescent plasma,"1, 2"
Favipiravir,2
COVID-19 convalescent plasma,2
COVID-19 convalescent plasma,2
Mavrilimumab,2
Otilimab,2
Vidofludimus,2
Liothyronine,2
Aprotinin,2
Nadroparin,2
Enoxaparin,2
Anakinra,2
Acetaminophen,"1, 2"
Brensocatib,3
Baricitinib,2
Atorvastatin,2
BCG vaccine,3
Favipiravir,3
Selenium,2
COVID-19 convalescent plasma,2
Methylene blue,2
Levamisole,3
Inosine pranobex,3
Hydroxychloroquine,"2, 3"
Mavrilimumab,2
COVID-19 convalescent plasma,2
Dotatate gallium Ga-68,2
Azithromycin,3
Hydroxychloroquine,3
Telmisartan,4
Cholecalciferol,1
Anakinra,3
Ruxolitinib,3
Tocilizumab,3
Hydroxychloroquine,3
Cholecalciferol,4
Piperaquine,4
Artemisinin,4
Hydroxychloroquine,3
Favipiravir,3
Curcumin,3
Budesonide,3
Dornase alfa,2
Ivermectin,2
COVID-19 convalescent plasma,"2, 3"
Glycyrrhiza glabra,"2, 3"
Selinexor,2
Curcumin,3
Resveratrol,3
Bromhexine,3
Spironolactone,3
Gemtuzumab ozogamicin,2
Turmeric,2
Baricitinib,"2, 3"
COVID-19 convalescent plasma,Not Available
Methylprednisolone,3
Inactivated SARS-CoV-2 Vaccine (Chinese Academy of Medical Sciences),"1, 2"
Aviptadil,2
Ivermectin,2
Baricitinib,2
V-SARS,"1, 2"
Chloride ion,Not Available
Urea,Not Available
Potassium,Not Available
Remestemcel-L,1
Lopinavir,Not Available
Ritonavir,Not Available
Hydroxychloroquine,4
Tocilizumab,2
Ritonavir,4
Remdesivir,4
Interferon beta-1a,4
Lopinavir,4
Vidofludimus,2
Oseltamivir,2
Brensocatib,3
Hydroxychloroquine,3
Lopinavir,3
Ritonavir,3
COVID-19 convalescent plasma,Not Available
Niclosamide,2
Ciclesonide,2
Hydroxychloroquine,2
Ivermectin,2
Heparin,2
Enoxaparin,2
Hydroxychloroquine,Not Available
Methylprednisolone,3
Heparin,3
Hydroxychloroquine,3
Favipiravir,3
Darunavir,3
Ritonavir,3
Lopinavir,3
Hydroxychloroquine,3
Hydroxychloroquine,2
Alteplase,2
COVID-19 convalescent plasma,3
Bromhexine,4
Tocilizumab,3
Enoxaparin,3
FT516,1
Interleukin-7,2
Interferon beta-1a,3
COVID-19 convalescent plasma,2
Adipose-Derived Mesenchymal Stem Cells: Autologous or Allogeneic Origins,2
Hydroxychloroquine,3
Ivermectin,3
Ascorbic acid,3
Zinc,3
Povidone-iodine,3
Acetylcysteine,3
Barley,3
Hydroxychloroquine,3
COVID-19 convalescent plasma,1
Nitazoxanide,3
Hydroxychloroquine,3
Azithromycin,3
CYNK-001,"1, 2"
VPM1002,3
Human Umbilical Cord Mesenchymal Stem Cells,"1, 2"
Enoxaparin,4
Nadroparin,4
Dalteparin,4
Heparin,4
Tinzaparin,4
Prazosin,2
Peginterferon lambda-1a,2
Arsenic trioxide,Not Available
COVID-19 convalescent plasma,Not Available
Hydroxychloroquine,4
Ivermectin,Not Available
Melatonin,Not Available
Famotidine,Not Available
Plitidepsin,1
Nitazoxanide,3
Ravulizumab,3
Anakinra,3
Ruxolitinib,3
Nitric Oxide,2
Hydroxychloroquine,"2, 3"
Human Umbilical Cord Mesenchymal Stem Cells,"2, 3"
COVID-19 convalescent plasma,"1, 2"
Nomacopan,1
EIDD-2801,1
AZD1222,"2, 3"
Allogenic Pooled Olfactory Mucosa-derived Mesenchymal Stem Cells,"1, 2"
COVID-19 convalescent plasma,Not Available
Enoxaparin,3
Dalteparin,3
Heparin,3
Tinzaparin,3
COVID-19 convalescent plasma,2
Hydroxychloroquine,3
Bromhexine,1
Hydroxychloroquine,1
Hydroxychloroquine,3
Azithromycin,3
COVID-19 convalescent plasma,"1, 2"
Ravulizumab,3
Ramipril,2
Angiotensin II,Not Available
COVID-19 convalescent plasma,"2, 3"
Human immunoglobulin G,3
COVID-19 convalescent plasma,2
Doxycycline,3
Ascorbic acid,3
Azithromycin,3
Metformin,3
Remestemcel-L,"1, 2"
COVID-19 convalescent plasma,2
Thalidomide,3
Anakinra,"2, 3"
Chloroquine,3
Hydroxychloroquine,3
Hydroxychloroquine,3
Azithromycin,3
Favipiravir,3
Baricitinib,3
Remdesivir,3
Artemisinin,2
Curcumin,2
Ascorbic acid,2
Indian frankincense,2
Verapamil,3
Amiodarone,3
Tocilizumab,3
Colchicine,2
Secukinumab,2
Ruxolitinib,2
Baricitinib,4
Ravulizumab,4
Ivermectin,3
Nitazoxanide,3
Chloroquine,3
Azithromycin,3
Etoposide,2
Nitric Oxide,2
Indomethacin,"2, 3"
COVID-19 convalescent plasma,1
Alpha-1-proteinase inhibitor,2
Human immunoglobulin G,2
Washed Microbiota Transplantation,0
Mavrilimumab,2
Hydroxychloroquine,4
Ravulizumab,3
COVID-19 convalescent plasma,"1, 2"
Baricitinib,4
Ravulizumab,4
Clazakizumab,2
Hydroxychloroquine,2
Remestemcel-L,2
Piperaquine,4
Artemisinin,4
Ivermectin,2
Hydroxychloroquine,4
Cyclosporine,4
Methylprednisolone,4
Clarithromycin,2
Azithromycin,3
Lopinavir,3
Ritonavir,3
Hydroxychloroquine,3
Hydroxychloroquine,3
Defibrotide,2
Clarithromycin,2
Iloprost,2
ABX-464,2
Acalabrutinib,2
COVID-19 convalescent plasma,3
Human immunoglobulin G,3
Clevudine,2
Hydroxychloroquine,2
BCG vaccine,2
Enoxaparin,4
Ivermectin,3
Colchicine,3
Ruxolitinib,4
BCG vaccine,3
Interleukin-7,2
Captopril,2
COVID-19 convalescent plasma,Not Available
COVID-19 convalescent plasma,2
Inosine pranobex,3
Levamisole,3
Hydroxychloroquine,4
Azithromycin,4
COVID-19 convalescent plasma,2
Tocilizumab,2
Ruxolitinib,3
Human immunoglobulin G,2
Namilumab,2
Infliximab,2
Gemtuzumab ozogamicin,2
COVID-19 convalescent plasma,2
Leflunomide,1
Remdesivir,Not Available
Hydroxychloroquine,2
Lidocaine,Not Available
Povidone-iodine,Not Available
Hydroxychloroquine,2
Azithromycin,2
Azithromycin,2
Captopril,2
Filgrastim,Not Available
Tocilizumab,2
Vitamin A,3
Tranilast,3
Hydroxychloroquine,3
Ivermectin,3
Interferon alfa-2b,1
Ascorbic acid,Not Available
COVID-19 convalescent plasma,2
Camphor,"1, 2"
Hydroxychloroquine,4
Colchicine,3
COVID-19 convalescent plasma,"2, 3"
Curcumin,Not Available
Piperine,Not Available
Deferiprone,3
Sitagliptin,"2, 3"
Trifluoperazine,"2, 3"
Sugarcane,"2, 3"
COVID-19 convalescent plasma,"2, 3"
Ivermectin,3
Levamisole,4
BCG vaccine,3
Hydroxychloroquine,3
Zinc,3
COVID-19 convalescent plasma,2
C-reactive protein,Not Available
Tocilizumab,2
Enoxaparin,2
AZD1222,2
COVID-19 convalescent plasma,2
Poractant alfa,2
Isoquercetin,2
Hydroxychloroquine,2
Masitinib,2
Dipyridamole,2
Basic Fibroblast Growth Factor,Not Available
Interleukin-10,Not Available
"Interleukin-1 alpha, human recombinant",Not Available
Human interferon beta,Not Available
Interferon Gamma,Not Available
Hydroxychloroquine,Not Available
Doxycycline,Not Available
Azithromycin,Not Available
Ivermectin,Not Available
Placental Mesenchymal Stem Cells,"1, 2"
Human Umbilical Cord Mesenchymal Stem Cells,"1, 2"
COVID-19 convalescent plasma,2
Ruxolitinib,3
Heparin,4
Enoxaparin,4
Lithium carbonate,2
Azithromycin,3
Hydroxychloroquine,3
Remestemcel-L,2
Enoxaparin,Not Available
Dexamethasone,Not Available
Acetylsalicylic acid,Not Available
Ivermectin,Not Available
Remestemcel-L,2
COVID-19 convalescent plasma,1
COVID-19 convalescent plasma,2
Ibuprofen,Not Available
Calcium,Not Available
Acetylcysteine,2
Hydroxychloroquine,2
Baricitinib,2
Azithromycin,2
Hydroxychloroquine,2
Tocilizumab,2
COVID-19 convalescent plasma,3
Favipiravir,"2, 3"
COVID-19 convalescent plasma,Not Available
COVID-19 convalescent plasma,2
Human Umbilical Cord Mesenchymal Stem Cells,"1, 2"
Allogenic Human Umbilical Derived Mesenchymal Stem Cells in Conditioned Media,"1, 2"
Vitamin D,Not Available
Povidone-iodine,1
COVID-19 convalescent plasma,2
ABX-464,"2, 3"
Hydroxychloroquine,3
Azithromycin,3
Colchicine,2
COVID-19 convalescent plasma,2
COVID-19 convalescent plasma,3
Hydroxychloroquine,2
Sarilumab,1
COVID-19 convalescent plasma,"2, 3"
COVID-19 convalescent plasma,Not Available
Clazakizumab,2
BCG vaccine,Not Available
Lopinavir,3
Chloroquine,3
Remdesivir,3
Ritonavir,3
Hydroxychloroquine,3
Azithromycin,2
Hydroxychloroquine,2
Hydroxychloroquine,3
Azithromycin,3
Methylprednisolone hemisuccinate,2
Tocilizumab,2
Fluoxetine,4
Tridecactide,"2, 3"
Metenkefalin,"2, 3"
Ivermectin,2
Azithromycin,2
Wormwood,2
Camostat,2
Hydroxychloroquine,2
Sirolimus,1
Ascorbic acid,2
Hydroxychloroquine,Not Available
Azithromycin,Not Available
Sirolimus,Not Available
Favipiravir,3
BCG vaccine,3
Niclosamide,3
Hydroxychloroquine,3
Diltiazem,3
Hydroxychloroquine,3
Fondaparinux,Not Available
Heparin,Not Available
Hydroxychloroquine,Not Available
Azithromycin,Not Available
Povidone-iodine,2
Hydroxychloroquine,3
Dornase alfa,2
Methotrexate,"1, 2"
Hydroxychloroquine,4
Acetylsalicylic acid,2
Vitamin D,2
Nitazoxanide,"2, 3"
Hydroxychloroquine,"2, 3"
Chloroquine,3
Hydroxychloroquine,3
Ivermectin,"2, 3"
Nitazoxanide,"2, 3"
COVID-19 convalescent plasma,Not Available
COVID-19 convalescent plasma,2
Hydroxychloroquine,2
Gold,Not Available
Mavrilimumab,2
Dornase alfa,2
Remestemcel-L,3
Canakinumab,3
Honey,3
COVID-19 convalescent plasma,1
Lenzilumab,3
Yohimbine,1
Midazolam,1
Pantoprazole,1
Hydroxychloroquine,1
COVID-19 convalescent plasma,Not Available
COVID-19 convalescent plasma,3
BCG vaccine,3
Melphalan,2
Hydroxychloroquine,3
Azithromycin,3
Mycobacterium w. Vaccine,Not Available
Mycobacterium w. Vaccine,Not Available
Hydroxychloroquine,3
Recombinant Human Angiotensin-Converting Enzyme 2,2
COVID-19 convalescent plasma,2
Ruxolitinib,2
Colchicine,3
Methylprednisolone,3
Azithromycin,3
Amoxicillin,3
Clavulanic acid,3
Hydroxychloroquine,3
Mycobacterium w. Vaccine,3
Selinexor,2
Hydroxychloroquine,1
Losartan,3
Acetylsalicylic acid,3
Simvastatin,3
Quercetin,3
Azithromycin,3
BNT162b1 SARS-CoV-2 Vaccine,"2, 3"
BNT162b2 SARS-CoV-2 Vaccine,"2, 3"
Remdesivir,4
Hydroxychloroquine,4
Lopinavir,4
Ritonavir,4
Chloroquine,4
Interferon beta-1a,4
Hydroxychloroquine,Not Available
Chloroquine,Not Available
Povidone-iodine,2
Azoximer bromide,"2, 3"
Ketamine,2
Naltrexone,2
Colchicine,3
Hydroxychloroquine,3
Tenofovir,3
Interferon beta-1b,2
Hydroxychloroquine,"1, 2"
Lopinavir,"1, 2"
Ritonavir,"1, 2"
Favipiravir,"1, 2"
Umifenovir,3
Albumin human,2
Human immunoglobulin G,2
Favipiravir,3
Hydroxychloroquine,3
Zinc,3
Azithromycin,3
Dalteparin,4
Nadroparin,4
Heparin,4
Enoxaparin,4
Tinzaparin,4
Canakinumab,3
Losartan,2
Spironolactone,2
Remdesivir,3
Chlorpromazine,3
BBIBP-CorV,"1, 2"
Chloroquine,3
Hydroxychloroquine,3
Artesunate,2
Ascorbic acid,2
Tocilizumab,2
Adalimumab,3
Dornase alfa,2
Hydroxychloroquine,2
COVID-19 convalescent plasma,2
Hydroxychloroquine,3
Human immunoglobulin G,4
Zilucoplan,2
Heparin,2
Bemcentinib,2
Acalabrutinib,2
TD-139,2
COVID-19 convalescent plasma,1
Hydroxychloroquine,4
Zinc sulfate,4
Doxycycline,4
Azithromycin,4
Cholesterol,Not Available
MultiStem,"2, 3"
Anakinra,2
Canakinumab,3
Calcifediol,2
Thrombin,Not Available
Enoxaparin,3
BCG vaccine,3
Enoxaparin,4
IC14,Not Available
Siltuximab,2
Hydroxychloroquine,2
Tocilizumab,2
Canakinumab,2
Sarilumab,2
Baricitinib,2
Sarilumab,3
Adipose-Derived Mesenchymal Stem Cells: Autologous or Allogeneic Origins,"1, 2"
COVID-19 convalescent plasma,2
Anakinra,3
Chloroquine,4
Ascorbic acid,4
Chloroquine,3
Hydroxychloroquine,3
Remdesivir,3
Lopinavir,3
Ritonavir,3
Natural Killer Cell,"1, 2"
Human immunoglobulin G,2
Azithromycin,2
Hydroxychloroquine,3
COVID-19 convalescent plasma,Not Available
Progesterone,1
Sarilumab,2
Amiodarone,"2, 3"
Verapamil,"2, 3"
CIGB-258 peptide,Not Available
Selenium,3
Enoxaparin,3
Isoflurane,Not Available
Imatinib,2
Pirfenidone,3
Colchicine,2
D-glucose,4
Omega-3 fatty acids,4
Amino acids,4
Tocilizumab,2
COVID-19 convalescent plasma,Not Available
Ozone,"2, 3"
Vazegepant,"2, 3"
Angiotensin 1-7,Not Available
Ivermectin,Not Available
Hydroxychloroquine,3
Ritonavir,3
Lopinavir,3
Niacin,"2, 3"
Apocynin,"2, 3"
Ivermectin,Not Available
Human Umbilical Cord Mesenchymal Stem Cells,"1, 2"
Heparin,"1, 2"
Ruxolitinib,Not Available
Hydroxychloroquine,3
Azithromycin,3
Telmisartan,3
Dexamethasone,"2, 3"
Dexmedetomidine,Not Available
Clazakizumab,2
VA-MENGOC-BC®,Not Available
Canakinumab,2
Sirolimus,2
Selinexor,2
Sirukumab,2
Azithromycin,3
Lactobacillus Coryniformis K8,Not Available
COVID-19 convalescent plasma,3
Bevacizumab,2
Hydroxychloroquine,3
Peginterferon lambda-1a,2
Alpha-1-proteinase inhibitor,2
Sarilumab,2
Favipiravir,"2, 3"
AZD1222,"1, 2"
COVID-19 convalescent plasma,Not Available
COVID-19 convalescent plasma,"1, 2"
Tocilizumab,Not Available
Methylprednisolone,Not Available
Ozone,"2, 3"
Oxygen,"2, 3"
Olokizumab,"2, 3"
Hydroxychloroquine,3
Human Umbilical Cord Mesenchymal Stem Cells,1
Albumin human,2
Human immunoglobulin G,2
Ritonavir,3
Hydroxychloroquine,3
Lopinavir,3
Sevoflurane,3
Azithromycin,1
Hydroxychloroquine,1
Hydroxychloroquine,3
Ruxolitinib,2
Hydroxychloroquine,2
Azithromycin,2
Hydroxychloroquine,3
Hydroxychloroquine,3
COVID-19 convalescent plasma,2
Hydroxychloroquine,"2, 3"
Umifenovir,"2, 3"
Alteplase,2
Adipose-Derived Mesenchymal Stem Cells: Autologous or Allogeneic Origins,2
Ruxolitinib,2
Ulinastatin,4
Ruxolitinib,2
Dapagliflozin,3
Oseltamivir,3
Hydroxychloroquine,3
Azithromycin,3
Dornase alfa,3
Hydroxychloroquine,"2, 3"
Heparin,Not Available
Azithromycin,Not Available
Lopinavir,Not Available
Ritonavir,Not Available
Piperacillin,Not Available
Tazobactam,Not Available
Tocilizumab,Not Available
Hydroxychloroquine,Not Available
Tocilizumab,2
VPM1002,3
Chloroquine,2
Tocilizumab,"2, 3"
Budesonide,4
COVID-19 convalescent plasma,2
Enoxaparin,3
Tocilizumab,2
Human interferon beta,3
Acetylsalicylic acid,3
Colchicine,3
Rivaroxaban,3
Azithromycin,2
Chloroquine,4
Azithromycin,4
Spironolactone,4
Prednisone,2
Gold,Not Available
COVID-19 convalescent plasma,2
Heparin,Not Available
Colchicine,2
Umifenovir,3
Beractant,3
Remestemcel-L,1
COVID-19 convalescent plasma,2
Atovaquone,2
Azithromycin,2
BNT162c2 SARS-CoV-2 Vaccine,1
BNT162a1 SARS-CoV-2 Vaccine,1
BNT162b2 SARS-CoV-2 Vaccine,1
BNT162b1 SARS-CoV-2 Vaccine,1
Cyanocobalamin,Not Available
Vitamin D,Not Available
Zinc,Not Available
Adipose-Derived Mesenchymal Stem Cells: Autologous or Allogeneic Origins,"1, 2"
BCG vaccine,4
Anakinra,3
Colchicine,2
Folic acid,2
Hydroxychloroquine,3
Lopinavir,3
Chloroquine,3
Ritonavir,3
Prednisolone,3
Methylprednisolone,3
Zinc,"2, 3"
Ascorbic acid,"2, 3"
Vitamin D,"2, 3"
Pomegranate,Not Available
Hydroxychloroquine,3
Human immunoglobulin G,3
Transcrocetinate,2
Minocycline,2
Hydroxychloroquine,3
COVID-19 convalescent plasma,3
Licorice,2
Berberine,2
Naproxen,3
Calcifediol,2
Remestemcel-L,1
Adipose-Derived Mesenchymal Stem Cells: Autologous or Allogeneic Origins,1
Baricitinib,Not Available
Anakinra,Not Available
Favipiravir,4
Estradiol,2
Azithromycin,4
Melatonin,"2, 3"
Azithromycin,1
Hydroxychloroquine,1
Tocilizumab,3
Favipiravir,"2, 3"
BCG vaccine,3
Dexmedetomidine,4
COVID-19 convalescent plasma,Not Available
Ascorbic acid,2
Hydroxychloroquine,2
Hydroxychloroquine,3
Heparin,2
Tinzaparin,2
Human Umbilical Cord Mesenchymal Stem Cells,Not Available
Povidone-iodine,0
Ruxolitinib,Not Available
Bromelains,3
Montelukast,3
Ascorbic acid,"2, 3"
Vitamin E,"2, 3"
COVID-19 convalescent plasma,Not Available
COVID-19 convalescent plasma,Not Available
Ascorbic acid,1
Cysteine,1
Methylene blue,1
Hydroxychloroquine,3
Prednisone,4
Ascorbic acid,2
Ivermectin,1
Hydroxychloroquine,3
COVID-19 convalescent plasma,2
Nitric Oxide,2
Chloroquine,"2, 3"
Ritonavir,"2, 3"
Lopinavir,"2, 3"
Tenofovir,"2, 3"
Echinacea,3
Ginger,3
Human immunoglobulin G,3
COVID-19 convalescent plasma,3
Formoterol,3
Ascorbic acid,"2, 3"
Hydroxychloroquine,"2, 3"
Atazanavir,"2, 3"
Ritonavir,"2, 3"
Bromhexine,3
Fennel,3
Colchicine,2
Methylprednisolone,2
Sarilumab,2
Antithrombin III human,2
Favipiravir,3
Human interferon beta,"2, 3"
Human immunoglobulin G,"2, 3"
Dexamethasone,"2, 3"
COVID-19 convalescent plasma,2
Valsartan,4
Alteplase,2
Baricitinib,2
Hydrocortisone,3
Selinexor,2
Hydroxychloroquine,"2, 3"
Colchicine,3
Azithromycin,3
Lopinavir,3
Ritonavir,3
Hydroxychloroquine,3
Nitric Oxide,Not Available
Favipiravir,2
Lopinavir,3
Ritonavir,3
Oxygen,0
Heparin,Not Available
COVID-19 convalescent plasma,3
Sevoflurane,4
Propofol,4
Hydroxychloroquine,3
Chloroquine,3
BCG vaccine,4
Azithromycin,"2, 3"
Folic acid,"2, 3"
Ascorbic acid,"2, 3"
Hydroxychloroquine,"2, 3"
Chloroquine,4
Cyclosporine,4
BCG vaccine,Not Available
Ribavirin,3
Azithromycin,"1, 2"
Hydroxychloroquine,"1, 2"
Indomethacin,"1, 2"
Ascorbic acid,"1, 2"
CoronaVac,"1, 2"
Clazakizumab,"2, 3"
Chloroquine,"2, 3"
Ritonavir,"2, 3"
Candesartan,"2, 3"
Hydroxychloroquine,"2, 3"
Lopinavir,"2, 3"
Rivaroxaban,"2, 3"
Eculizumab,2
Sarilumab,2
Hemoglobin,Not Available
Urea,Not Available
Creatinine,Not Available
Adipose-Derived Mesenchymal Stem Cells: Autologous or Allogeneic Origins,2
Human Umbilical Cord Mesenchymal Stem Cells,1
Thalidomide,3
Leronlimab,2
COVID-19 convalescent plasma,Not Available
Chloroquine,2
Tocilizumab,2
Monalizumab,2
Nivolumab,2
COVID-19 convalescent plasma,2
Ivermectin,Not Available
COVID-19 convalescent plasma,2
Mumps virus strain B level jeryl lynn live antigen,Not Available
Rubella virus vaccine,Not Available
Measles virus vaccine live attenuated,Not Available
Calcifediol,3
Cholecalciferol,3
Tocilizumab,2
Lopinavir,2
Asunercept,2
Rivaroxaban,2
Ritonavir,2
Candesartan cilexetil,2
Hydroxychloroquine,2
Hydroxychloroquine,4
Chloroquine,4
Emtricitabine,3
Tenofovir disoproxil,3
Hydroxychloroquine,3
Aldesleukin,2
Dexmedetomidine,Not Available
Sulfamethoxazole,2
Anakinra,2
Trimethoprim,2
Ruxolitinib,Not Available
Schisandra chinensis fruit,Not Available
Ginseng,Not Available
Imatinib,3
Telmisartan,3
Hydroxychloroquine,3
Favipiravir,3
Umifenovir,4
Interferon beta-1a,4
Tocilizumab,3
Methylprednisolone,3
Captopril,3
Enalapril,3
Bevacizumab,2
Nivolumab,2
Ruxolitinib,"1, 2"
Siltuximab,2
Methylprednisolone,2
Honey,3
Hydroxychloroquine,3
Ritonavir,3
Lopinavir,3
Anakinra,2
Trimethoprim,2
Sulfamethoxazole,2
Hydroxychloroquine,3
Hydroxychloroquine,"1, 2"
Hydroxychloroquine,2
Lopinavir,3
Hydroxychloroquine,3
Ritonavir,3
Selinexor,2
Senicapoc,2
Calcifediol,"2, 3"
Transcrocetinate,"1, 2"
Acetylcysteine,Not Available
COVID-19 convalescent plasma,Not Available
Melatonin,"2, 3"
Melatonin,3
Calcifediol,3
Methylprednisolone,"2, 3"
Prednisolone,"2, 3"
Chloroquine,4
Hydroxychloroquine,4
Baricitinib,3
Sarilumab,3
Hydroxychloroquine,3
Chloroquine,4
Hydroxychloroquine,4
COVID-19 convalescent plasma,1
Hydroxychloroquine,2
Nivolumab,2
Methylprednisolone,2
Hydroxychloroquine,3
Hydroxychloroquine,3
Colchicine,3
Sevoflurane,4
Propofol,4
Hydroxychloroquine,3
Hydroxychloroquine,Not Available
Azithromycin,Not Available
Dexamethasone,3
Losartan,2
Hydroxychloroquine,3
Imatinib,2
Baricitinib,2
Ritonavir,2
Lopinavir,2
Hydroxychloroquine,2
Chloroquine,Not Available
Hydroxychloroquine,3
Atorvastatin,3
COVID-19 convalescent plasma,Not Available
Naproxen,4
COVID-19 convalescent plasma,3
Hydroxychloroquine,"2, 3"
Sarilumab,2
COVID-19 convalescent plasma,2
Icosapent,3
Hydroxychloroquine,3
Azithromycin,3
Hydroxychloroquine,3
Budesonide,3
Formoterol,3
Tradipitant,3
Naproxen,3
Remestemcel-L,2
Prednisone,2
Hydroxychloroquine,Not Available
Gimsilumab,2
Hydroxychloroquine,1
Ad5-nCoV,2
Chloroquine,Not Available
Hydroxychloroquine,Not Available
Hydroxychloroquine,2
Simvastatin,2
Ruxolitinib,2
Gold,Not Available
Azithromycin,"2, 3"
Hydroxychloroquine,"2, 3"
Sarilumab,"2, 3"
Hydroxychloroquine,3
Azithromycin,3
Camostat,3
Human immunoglobulin G,3
Hydroxychloroquine,"2, 3"
Azithromycin,"2, 3"
Solnatide,2
Remdesivir,"2, 3"
Losartan,"2, 3"
COVID-19 convalescent plasma,"2, 3"
Azithromycin,"2, 3"
Doxycycline,"2, 3"
Interferon alfa-2b,"2, 3"
Primaquine,"2, 3"
Methylprednisolone,"2, 3"
Tocilizumab,"2, 3"
Hydroxychloroquine,"2, 3"
Clindamycin,"2, 3"
Hydroxychloroquine,2
Colchicine,3
Ritonavir,2
Hydroxychloroquine,2
Lopinavir,2
Baricitinib,2
Imatinib,2
Sarilumab,3
Hydroxychloroquine,3
Telmisartan,3
Azithromycin,3
Sarilumab,2
Interferon alfa-2b,2
Interferon Gamma,2
EIDD-2801,1
Fluvoxamine,2
Lopinavir,3
Ritonavir,3
Hydroxychloroquine,3
COVID-19 convalescent plasma,"1, 2"
COVID-19 convalescent plasma,2
COVID-19 convalescent plasma,1
Hydroxychloroquine,3
Hydroxychloroquine,3
Prednisolone,3
Naproxen,3
Azithromycin,3
Bromhexine,4
Hydroxychloroquine,4
Dexamethasone,Not Available
Vitamin D,3
Valsartan,2
Vitamin D,Not Available
Dornase alfa,3
Oxygen,3
Dexamethasone,3
Favipiravir,3
Telmisartan,3
Imatinib,3
Naproxen,3
Hydroxychloroquine,3
Hydroxychloroquine,3
Glycyrrhiza glabra,"1, 2"
Fennel,"1, 2"
Licorice,3
Interferon beta-1a,2
Interferon beta-1b,2
Hydroxychloroquine,2
Losartan,2
Remdesivir,3
Hydroxychloroquine,3
Lopinavir,3
Ritonavir,3
Chloroquine,3
Interferon beta-1a,3
Nitric Oxide,4
Hydroxychloroquine,2
Interferon beta-1b,2
Iodine,2
Chlorhexidine,2
Povidone,2
COVID-19 convalescent plasma,2
Galidesivir,1
Sarilumab,2
Melatonin,4
Tocilizumab,4
Cyclosporine,4
Chloroquine,4
Lopinavir,4
Ritonavir,4
Cyclosporine,4
Tocilizumab,4
Spironolactone,4
Darunavir,4
Interferon beta-1b,4
Tocilizumab,2
Pembrolizumab,2
Hydroxychloroquine,3
Dexamethasone,3
Ad5-nCoV,2
Recombinant Human Angiotensin-Converting Enzyme 2,2
Ciclesonide,2
Ascorbic acid,"2, 3"
Umifenovir,3
Mefloquine,"2, 3"
COVID-19 convalescent plasma,"2, 3"
Ascorbic acid,Not Available
Zinc gluconate,Not Available
Hydroxychloroquine,3
Hydroxychloroquine,3
Interferon beta-1a,3
Lopinavir,3
Ritonavir,3
Remdesivir,3
Chloroquine,3
Sofosbuvir,3
Daclatasvir,3
Sofosbuvir,3
Daclatasvir,3
Lithium carbonate,3
Trifluoperazine,3
Velpatasvir,3
Sofosbuvir,3
Tocilizumab,4
AT-001,2
Chloroquine,4
Defibrotide,2
COVID-19 convalescent plasma,"1, 2"
Chloroquine,2
Fingolimod,3
Hydroxychloroquine,4
Ascorbic acid,2
Melatonin,2
Zinc sulfate,2
COVID-19 convalescent plasma,1
Chloroquine,2
Nicotinamide,Not Available
Famotidine,3
COVID-19 convalescent plasma,"2, 3"
Vitamin A,3
Hydroxychloroquine,3
Hydroxychloroquine,3
Tocilizumab,3
Hydroxychloroquine,2
Siltuximab,2
Methylprednisolone,2
Hydroxychloroquine,3
Azithromycin,3
Azithromycin,3
Hydroxychloroquine,3
Ritonavir,3
Hydroxychloroquine,3
Lopinavir,3
Nitric Oxide,2
Chloroquine,2
COVID-19 convalescent plasma,2
Cyanocobalamin,Not Available
Cholecalciferol,Not Available
Hydroxychloroquine,3
Gold,Not Available
Tocilizumab,Not Available
Azithromycin,2
Hydroxychloroquine,2
Hydrocortisone succinate,3
Acetylsalicylic acid,2
Clopidogrel,2
Fondaparinux,2
Tirofiban,2
Hydroxychloroquine,4
Nitazoxanide,4
Adipose-Derived Mesenchymal Stem Cells: Autologous or Allogeneic Origins,2
Dental Mesenchymal Pulp Stem Cells,"1, 2"
Hydroxychloroquine,4
Lopinavir,"2, 3"
Hydroxychloroquine,"2, 3"
Losartan,"2, 3"
Ritonavir,"2, 3"
Hydroxychloroquine,4
Defibrotide,2
Fennel,3
Opium,3
COVID-19 convalescent plasma,Not Available
Remestemcel-L,"2, 3"
Ritonavir,3
Lopinavir,3
Favipiravir,3
Atorvastatin,"2, 3"
Remestemcel-L,"2, 3"
Sarilumab,2
Tocilizumab,2
Autologous Non-Hematopoietic Peripheral Blood Stem Cells,"1, 2"
Colchicine,3
Tocilizumab,2
Thyme,3
Human immunoglobulin G,2
Camostat,"1, 2"
Pyridostigmine,"2, 3"
Hydroxychloroquine,2
Dental Mesenchymal Pulp Stem Cells,2
Formoterol,"2, 3"
Levamisole,"2, 3"
Budesonide,"2, 3"
Gold,Not Available
COVID-19 convalescent plasma,Not Available
INO-4800,1
Tocilizumab,3
Hydrocortisone,Not Available
Oxytocin,Not Available
Remdesivir,0
Lopinavir,0
Hydroxychloroquine,0
Ritonavir,0
Interferon beta-1a,0
Ciclesonide,2
Hydroxychloroquine,2
Colchicine,2
Tocilizumab,2
Sarilumab,2
Tocilizumab,2
Azithromycin,2
Hydroxychloroquine,2
Hydroxychloroquine,2
Tocilizumab,3
Siltuximab,3
Anakinra,3
Siltuximab,3
Tocilizumab,3
Anakinra,3
COVID-19 convalescent plasma,2
Dexamethasone,4
Ascorbic acid,"2, 3"
Ipecac,3
Pomegranate,3
Vitamin A,Not Available
Hydroxychloroquine,2
Azithromycin,2
Omeprazole,Not Available
Clopidogrel,Not Available
Atorvastatin,Not Available
Rivaroxaban,Not Available
Acetylsalicylic acid,Not Available
Hydroxychloroquine,3
Hydroxychloroquine,3
Azithromycin,2
Hydroxychloroquine,2
Hydroxychloroquine,3
Medium-chain triglycerides,Not Available
Chloroquine,2
Tocilizumab,2
Anakinra,2
Hydroxychloroquine,2
Vitamin A,3
Biotin,3
Pyridoxine,3
Pantothenic acid,3
Vitamin E,3
Thiamine,3
Ascorbic acid,3
Vitamin D,3
Riboflavin,3
Nicotinamide,3
Folic acid,3
Cyanocobalamin,3
Nintedanib,2
Hydroxychloroquine,3
Azithromycin,3
Hydroxychloroquine,2
Tocilizumab,2
Azithromycin,2
Anakinra,"2, 3"
Emapalumab,"2, 3"
Tocilizumab,2
Dexamethasone,Not Available
Hydroxychloroquine,3
Leronlimab,2
Azithromycin,3
Hydroxychloroquine,3
Hydroxychloroquine,2
Chlorine dioxide,Not Available
Remestemcel-L,"1, 2"
Colchicine,"1, 2"
Hydroxychloroquine,3
Hydroxychloroquine,Not Available
Hydroxychloroquine,Not Available
Azithromycin,Not Available
Favipiravir,3
Ritonavir,3
Lopinavir,3
Hydroxychloroquine,2
Azithromycin,2
Deferoxamine,"1, 2"
Hydroxychloroquine,3
Azithromycin,3
Remestemcel-L,2
Remestemcel-L,Not Available
Angiotensin II,Not Available
Favipiravir,Not Available
Adipose-Derived Mesenchymal Stem Cells: Autologous or Allogeneic Origins,1
Nafamostat,"2, 3"
Hydroxychloroquine,1
Zinc gluconate,Not Available
Cholecalciferol,Not Available
Chloroquine,2
Canakinumab,Not Available
Dexamethasone,3
Hydroxychloroquine,3
Remestemcel-L,"1, 2"
Hydroxychloroquine,3
Anakinra,2
Chloroquine,"2, 3"
Oseltamivir,2
Hydroxychloroquine,2
Lopinavir,2
Ritonavir,2
Lopinavir,"2, 3"
Ritonavir,"2, 3"
Budesonide,"2, 3"
Formoterol,"2, 3"
Levamisole,"2, 3"
Hydroxychloroquine,"2, 3"
Thymalfasin,Not Available
Hydroxychloroquine,2
Methylprednisolone,3
Tacrolimus,3
Tocilizumab,Not Available
Remdesivir,1
Tocilizumab,2
Anakinra,2
Methylprednisolone,3
Defibrotide,2
Nivolumab,2
Tocilizumab,2
COVID-19 convalescent plasma,1
Ciclesonide,2
Hydroxychloroquine,2
Hydroxychloroquine,3
Nintedanib,4
Dental Mesenchymal Pulp Stem Cells,Not Available
COVID-19 convalescent plasma,Not Available
Tocilizumab,Not Available
Remestemcel-L,Not Available
Remdesivir,Not Available
Tocilizumab,2
CIGB-258 peptide,Not Available
COVID-19 convalescent plasma,Not Available
Imatinib,Not Available
Dornase alfa,Not Available
Hydroxychloroquine,"2, 3"
Clazakizumab,2
Favipiravir,3
Losartan,3
Amlodipine,3
Methylprednisolone,2
Tacrolimus,2
Hydroxychloroquine,Not Available
Imatinib,2
Hydroxychloroquine,3
Hydroxychloroquine,4
Hydroxychloroquine,2
Azithromycin,2
BCG vaccine,3
Hydroxychloroquine,3
Azithromycin,3
Mentha arvensis top,Not Available
Urtica dioica pollen,Not Available
Glycyrrhiza glabra,Not Available
Methylprednisolone,3
Umifenovir,3
Teicoplanin,3
COVID-19 convalescent plasma,Not Available
Tocilizumab,2
Chloroquine,4
Mefloquine,3
Hydroxychloroquine,4
Human interferon beta,2
Prednisolone,2
Hydroxychloroquine,Not Available
Favipiravir,Not Available
Hydroxychloroquine,"2, 3"
Hydroxychloroquine,Not Available
Hydroxychloroquine,3
Ethanol,3
Sarilumab,3
Hydroxychloroquine,3
Azithromycin,3
Methylprednisolone,2
Umifenovir,3
Purslane,"2, 3"
Licorice,"2, 3"
Plantago ovata seed,"2, 3"
Centella asiatica,"2, 3"
Turmeric,"2, 3"
Hydroxychloroquine,"2, 3"
Remdesivir,"2, 3"
Remestemcel-L,1
Hydroxychloroquine,3
Tenofovir disoproxil,3
Emtricitabine,3
Hydroxychloroquine,3
Azithromycin,3
COVID-19 convalescent plasma,Not Available
CIGB 2020 Vaccine,"1, 2"
Etanercept,"2, 3"
Sarilumab,"2, 3"
Interferon beta-1a,3
Hydroxychloroquine,3
Lopinavir,3
Azithromycin,3
Ritonavir,3
Interferon beta-1a,4
Hydroxychloroquine,4
Chloroquine,4
Lopinavir,4
Remdesivir,4
Ritonavir,4
Tocilizumab,2
Hydroxychloroquine,3
AZD1222,2
Remdesivir,3
Ozone,2
Oxygen,2
Hydroxychloroquine,3
Remdesivir,3
Hydroxychloroquine,4
Remdesivir,3
Ritonavir,3
Chloroquine,3
Hydroxychloroquine,3
Human interferon beta,3
Lopinavir,3
Sofosbuvir,3
Daclatasvir,3
Itraconazole,2
Sarilumab,2
AZD1222,"1, 2"
Hydroxychloroquine,3
Hydroxychloroquine,4
Hydroxychloroquine,2
Azithromycin,3
Interferon beta-1b,"2, 3"
BCG vaccine,3
Losartan,1
Favipiravir,3
Gold,0
Gold,0
Sargramostim,4
Tragacanth,3
Human Umbilical Cord Mesenchymal Stem Cells,3
COVID-19 convalescent plasma,"2, 3"
Sargramostim,4
LV-SMENP Vaccine,"1, 2"
Azithromycin,2
Hydroxychloroquine,2
Methylprednisolone,Not Available
Althea root,3
Urtica dioica pollen,3
Centella asiatica,3
Glycyrrhiza glabra,3
Chamomile,3
Pomegranate,3
Hydroxychloroquine,Not Available
Colchicine,3
Chloroquine,"2, 3"
Licorice,3
Hydroxychloroquine,4
Nitric Oxide,2
Remdesivir,3
Ritonavir,3
Hydroxychloroquine,3
Interferon beta-1a,3
Lopinavir,3
Gold,0
Nitric Oxide,2
Hydroxychloroquine,2
Nitric Oxide,2
IL15-NK Cell,"1, 2"
Natural Killer Cell,"1, 2"
NKG2D-ACE2 CAR-NK Cell,"1, 2"
Oxycodone,3
Interferon beta-1b,3
Cyclosporine,3
Human Amniotic Fluid,1
Quercetin,Not Available
Placental Mesenchymal Stem Cells,"1, 2"
Remdesivir,"2, 3"
Colchicine,2
Metformin,3
Metformin,3
Human Umbilical Cord Mesenchymal Stem Cells,2
Gold,Not Available
Human Embryonic Stem Cell-derived M Cell,0
BCG vaccine,Not Available
Favipiravir,3
Borage oil,3
Pentaglobin,3
Favipiravir,3
Prednisolone,"2, 3"
Tocilizumab,"2, 3"
Ritonavir,"2, 3"
Dexamethasone,"2, 3"
Lopinavir,"2, 3"
Azithromycin,"2, 3"
Human immunoglobulin G,"2, 3"
Hydrocortisone,"2, 3"
Methylprednisolone hemisuccinate,"2, 3"
Hydroxychloroquine,"2, 3"
COVID-19 convalescent plasma,"2, 3"
Noscapine,2
Tocilizumab,2
Ritonavir,Not Available
Danoprevir,Not Available
Ritonavir,4
Danoprevir,4
Lopinavir,2
Ritonavir,2
Hydroxychloroquine,2
Remdesivir,2
Sarilumab,"2, 3"
Hydroxychloroquine,3
Chamomile,Not Available
Althea root,Not Available
Ribavirin,2
Lopinavir,2
Daclatasvir,2
Hydroxychloroquine,2
Ritonavir,2
Sofosbuvir,2
Sofosbuvir,"2, 3"
COVID-19 convalescent plasma,Not Available
Hydroxychloroquine,3
COVID-19 convalescent plasma,0
Bevacizumab,Not Available
Interferon beta-1a,2
BCG vaccine,4
COVID-19 convalescent plasma,Not Available
mRNA-1273,1
Ad5-nCoV,1
Interferon beta-1a,2
Baricitinib,"2, 3"
Febuxostat,3
Human Umbilical Cord Mesenchymal Stem Cells,1
Thymalfasin,Not Available
Gold,0
Ulinastatin,4
Tocilizumab,4
Cholecalciferol,Not Available
Remdesivir,3
Cholecalciferol,Not Available
Azithromycin,Not Available
Ivermectin,Not Available
Hydroxychloroquine,Not Available
Remestemcel-L,"1, 2"
Tocilizumab,3
COVID-19 convalescent plasma,Not Available
Interferon beta-1b,"2, 3"
Interferon beta-1a,"2, 3"
Hydroxychloroquine,"2, 3"
Lopinavir,"2, 3"
Ritonavir,"2, 3"
Atazanavir,"2, 3"
Favipiravir,2
Ascorbic acid,Not Available
Natural Killer Cell,0
Leflunomide,0
Methylprednisolone,Not Available
Tocilizumab,2
Gold,Not Available
Ritonavir,2
Hydroxychloroquine,2
Lopinavir,2
Hydroxychloroquine,2
Tocilizumab,2
Oseltamivir,2
Lopinavir,2
Ritonavir,2
Gold,Not Available
Chloroquine,2
Losartan,2
Human immunoglobulin G,2
Crocin,"2, 3"
Linoleic acid,"2, 3"
Oleic Acid,"2, 3"
Levomenthol,"2, 3"
alpha-Linolenic acid,"2, 3"
COVID-19 convalescent plasma,Not Available
Ad5-nCoV,1
Gold,Not Available
Enoxaparin,0
Ixekizumab,0
Leflunomide,3
Lopinavir,3
Ritonavir,3
Hydroxychloroquine,3
Remdesivir,3
Gold,Not Available
Enoxaparin,0
Tocilizumab,Not Available
Favipiravir,Not Available
Gold,Not Available
Dalteparin,Not Available
Tinzaparin,Not Available
Remdesivir,Not Available
Remdesivir,3
DAS-181,Not Available
Hydrogen peroxide,0
Pirfenidone,0
Daclatasvir,3
Sofosbuvir,3
Ribavirin,3
Human Umbilical Cord Mesenchymal Stem Cells,2
Favipiravir,"2, 3"
Chloroquine,"2, 3"
Tetrandrine,4
Hydroxychloroquine,3
Chloroquine,"2, 3"
Favipiravir,"2, 3"
Dental Mesenchymal Pulp Stem Cells,1
Tocilizumab,0
Human immunoglobulin G,0
Pirfenidone,0
Interferon beta-1a,3
Ritonavir,3
Hydroxychloroquine,3
Lopinavir,3
Oseltamivir,3
Bromhexine,4
Favipiravir,2
Acetylcysteine,4
Lipoic acid,4
Aldesleukin,0
Lopinavir,Not Available
Cobicistat,Not Available
Darunavir,Not Available
Ritonavir,Not Available
Nitric Oxide,2
Hydroxychloroquine,3
Remestemcel-L,1
Hydroxychloroquine,Not Available
Azithromycin,Not Available
Nifedipine,0
Aliskiren,0
Dendritic cells vaccine,"1, 2"
Natural Killer Cell,0
Creatine,0
Gold,0
Gold,0
Chloroquine,0
Favipiravir,4
Tocilizumab,4
Soybean,0
Stem-cell derived exosome vesicle products,0
Human Umbilical Cord Mesenchymal Stem Cells,0
COVID-19 convalescent plasma,Not Available
COVID-19 convalescent plasma,Not Available
Turmeric oil,0
Adalimumab,4
Tocilizumab,4
Gold,1
Bismuth subcitrate potassium,Not Available
Remestemcel-L,Not Available
"Interferon alfa-2a, Recombinant",Not Available
Umifenovir,Not Available
Ribavirin,Not Available
Pirfenidone,0
Eculizumab,2
Ascorbic acid,Not Available
Lopinavir,0
Ritonavir,0
Ritonavir,Not Available
Danoprevir,Not Available
Cemiplimab,0
Nivolumab,0
Pembrolizumab,0
Human Umbilical Cord Mesenchymal Stem Cells,Not Available
Gold,0
Chloroquine,4
Ozone,0
Human Umbilical Cord Mesenchymal Stem Cells,2
COVID-19 convalescent plasma,Not Available
Gold,0
Piperaquine,4
Artenimol,4
Gold,0
Ipecac,4
Danoprevir,Not Available
Ritonavir,Not Available
Fingolimod,2
Hydroxychloroquine,0
Chloroquine,0
Favipiravir,0
Remdesivir,3
Gold,Not Available
Hydrogen,0
Tocilizumab,Not Available
Favipiravir,0
Cannabidiol,Not Available
Human Umbilical Cord Mesenchymal Stem Cells,0
Remestemcel-L,0
Chloroquine,4
Umifenovir,0
Interferon alfa,4
Ebastine,4
Lopinavir,4
Tocilizumab,2
Thalidomide,2
Hydroxychloroquine,0
Umifenovir,0
Favipiravir,2
Suramin,0
Ascorbic acid,3
Deferoxamine,3
Gold,0
Lipoic acid,4
COVID-19 convalescent plasma,Not Available
Thalidomide,2
Gold,0
Danoprevir,4
Ritonavir,4
Celecoxib,0
Chloroquine,4
Chloroquine,4
COVID-19 convalescent plasma,0
Hydroxychloroquine,4
Chloroquine,4
Hydroxychloroquine,4
Chloroquine,4
Gold,Not Available
Hydroxychloroquine,4
Chloroquine,4
Human Umbilical Cord Mesenchymal Stem Cells,0
Gold,0
Bromhexine,Not Available
Vitamin D,Not Available
Trametes versicolor fruiting body,4
Ritonavir,4
Danoprevir,4
Peginterferon alfa-2a,4
Gold,0
Scutellaria baicalensis root,Not Available
Natural Killer Cell,1
Bevacizumab,2
Covid-19 Coronavirus Artificial Antigen Presenting Cell Vaccine,1
COVID-19 convalescent plasma,0
Gold,0
Stem-cell derived exosome vesicle products,1
Umifenovir,0
TMC-310911,0
Lopinavir,0
Ritonavir,0
Triazavirin,3
Tranilast,4
COVID-19 convalescent plasma,0
Gold,0
COVID-19 convalescent plasma,0
Methylprednisolone,Not Available
Ascorbic acid,2
Remestemcel-L,Not Available
COVID-19 convalescent plasma,0
Methylprednisolone,0
Gold,0
Hydroxychloroquine,4
Chloroquine,4
Ascorbic acid,Not Available
Remdesivir,3
Chloroquine,4
Hydroxychloroquine,4
Hydroxychloroquine,4
Hydrogen,Not Available
Lopinavir,4
Ritonavir,4
Chloroquine,4
Ascorbic acid,0
Thymalfasin,Not Available
Camrelizumab,Not Available
Favipiravir,4
Interferon Kappa,0
Trefoil Factor 2,0
Hydroxychloroquine,4
Hydroxychloroquine,4
Recombinant Super-Compound Interferon,0
Acetylsalicylic acid,"2, 3"
Ritonavir,2
Lopinavir,2
Ribavirin,2
Interferon beta-1b,2
Heparin,4
Dipyridamole,4
Cemiplimab,2
Nivolumab,2
Thymalfasin,2
Pembrolizumab,2
Tocilizumab,4
Lopinavir,4
Ritonavir,4
Chloroquine,4
Chloroquine,Not Available
Human immunoglobulin G,"2, 3"
Cobicistat,Not Available
Ritonavir,Not Available
Darunavir,Not Available
Thymalfasin,Not Available
Lopinavir,Not Available
Sildenafil,3
Gold,0
Viral Macrophage-Inflammatory Protein,0
Berberine,4
Montmorillonite,4
Umifenovir,4
COVID-19 convalescent plasma,0
Umifenovir,4
Ritonavir,Not Available
TMC-310911,Not Available
Lopinavir,Not Available
Umifenovir,4
Lonicera caprifolium flower,0
Remdesivir,3
Hydroxychloroquine,3
Remestemcel-L,Not Available
Human Umbilical Cord Mesenchymal Stem Cells,2
Lopinavir,0
Ritonavir,0
TMC-310911,0
Chloroquine,Not Available
Ascorbic acid,Not Available
Gold,Not Available
Washed Microbiota Transplantation,Not Available
Human umbilical cord blood mononuclear cell-conditioned medium,0
Umbilical Cord Blood Hematopoietic Stem Cells,0
Pirfenidone,3
AVAC,4
Ritonavir,0
Lopinavir,0
Favipiravir,0
Baloxavir marboxil,0
Baloxavir marboxil,0
Lopinavir,0
Ritonavir,0
Favipiravir,0
Chloroquine,4
Stem-cell derived exosome vesicle products,Not Available
Human Umbilical Cord Mesenchymal Stem Cells,Not Available
Human Umbilical Cord Mesenchymal Stem Cells,"1, 2"
Gold,0
Remestemcel-L,1
Recombinant Human Angiotensin-Converting Enzyme 2,Not Available
Methylprednisolone,4
TMC-310911,3
Oseltamivir,3
Ritonavir,3
Lopinavir,4
Oseltamivir,4
Ritonavir,4
Umifenovir,4
Umifenovir,4
Adalimumab,4
Tocilizumab,4
Gold,0
Ulinastatin,1
Dexmedetomidine,0
Glycyrrhiza glabra,0
Licorice,0
COVID-19 convalescent plasma,0
Human Umbilical Cord Mesenchymal Stem Cells,Not Available
Ritonavir,Not Available
Lopinavir,Not Available
Tenofovir alafenamide,Not Available
Emtricitabine,Not Available
Ruxolitinib,0
Remestemcel-L,0
Hydroxychloroquine,4
Darunavir,3
Cobicistat,3
Chloroquine,2
Remestemcel-L,"1, 2"
Favipiravir,0
COVID-19 convalescent plasma,0
Ritonavir,4
Lopinavir,4
Forsythia suspensa fruit,Not Available
Methylprednisolone,Not Available
Ritonavir,0
Lopinavir,0
Methylprednisolone,0
Ritonavir,4
Umifenovir,4
Lopinavir,4
Remestemcel-L,1
Human Embryonic Stem Cell-derived M Cell,"1, 2"
Methylprednisolone,"2, 3"
Rabeprazole,0
Chloroquine,0
Ribavirin,Not Available
Ritonavir,Not Available
Lopinavir,Not Available
Human Menstrual Blood-derived Stem Cells,0
Umifenovir,4
DAS-181,3
Lopinavir,Not Available
Ritonavir,Not Available
Interferon alfa-2b,Not Available
Lopinavir,Not Available
Ritonavir,Not Available
Oxygen,Not Available
Hydrogen,Not Available
Thymalfasin,3
Heparin,0
Gold,0
Angelica sinensis root,Not Available
Gold,Not Available
Gold,Not Available
Gold,0
Ritonavir,Not Available
Lopinavir,Not Available
Lopinavir,Not Available
Ritonavir,Not Available
Gold,Not Available
Ascorbic acid,Not Available
Gold,Not Available
Glycyrrhiza glabra,Not Available
Gold,Not Available
Adipose-Derived Mesenchymal Stem Cells: Autologous or Allogeneic Origins,1
COVID-19 convalescent plasma,2
Ketotifen,Not Available
Allogenic Donor CD362-enriched Human Umbilical Cord-derived Mesenchymal Stem Cells,"1, 2"
Ascorbic acid,3
Canakinumab,Not Available
Nitric Oxide,2
Nitrogen,2
Roxithromycin,4
Piperacillin,4
Azithromycin,4
Ceftaroline fosamil,4
Erythromycin,4
Clarithromycin,4
Tazobactam,4
Levofloxacin,4
Ceftriaxone,4
Moxifloxacin,4
Hydrocortisone,4
Hydrocortisone,Not Available
